"","P15","P12","P1","P7","P2","P21","P13","P28","P24","P4","P22","P16","P25","P34","P5","P9","P29","P3","P8","P23","P10","P14","P18","P27","P6","","P30","P33","P26","P19","P35","P11","P17","P20","P39","P40","P41","P31","P32","P36","P37","P38","P42","P43","P44"
"P15",NA,2.02709582359894e-05,4.38996044464803e-05,5.8214836860658e-07,6.08695714438477e-05,0.000131875186043652,4.14726298282839e-05,0.00129532435634813,2.77898785713529e-05,0.000106825455876794,8.46432322929187e-05,0.0615689903543326,1.37265708342045e-05,0.000476461822412965,2.89524085096999e-05,0.000115915868662281,8.3608922399605e-05,0.00037009643749475,0.000290731358129673,0.000214948982620114,9.48103006634768e-06,0.000156550926781744,0.000144095253842278,0.000534306894053918,0.000272965088813304,0.000267153447026959,1.66328105316198e-05,0.000468572845804988,0.000159229635141094,9.0988362937768e-05,0.00041730064904048,4.5494181468884e-05,0.00403579400510204,4.5494181468884e-05,0.000806076192050894,4.5494181468884e-05,4.5494181468884e-05,2.2747090734442e-05,2.2747090734442e-05,2.2747090734442e-05,2.2747090734442e-05,2.2747090734442e-05,2.2747090734442e-05,2.2747090734442e-05,2.2747090734442e-05
"P12",2.02709582359894e-05,NA,0.00013200980502974,0.0012611301010412,0.00190994781132787,0.000889460967149907,0.106852200005198,3.79648098109045e-05,0.000906659561102028,1.48461740691578e-05,0.0014355700646246,4.32526217624744e-08,1.45160348851573e-05,4.24876911368612e-06,7.61176458240034e-05,0.000295476610510977,0.00167809804986498,0.000193727691899643,0.00224813879803489,0.0024560785004712,0.00110661672584395,0.0146772450520304,0.000241419794798798,9.10900214317711e-06,5.41666999872054e-05,0.0117432468432122,0.00019005202002431,3.61111333248033e-05,0.000433942740987461,0.00103966326930459,0.00476821588010204,0.000519831634652294,0.000281922991571237,0.000519831634652294,0.00317881058673469,0.000519831634652294,0.000281922991571237,0.000259915817326147,0.000259915817326147,0.000259915817326147,0.00158940529336735,0.000259915817326147,0.000259915817326147,0.00158940529336735,0.000259915817326147
"P1",4.38996044464803e-05,0.00013200980502974,NA,0.000601211939102564,0.153904935878586,0.000153292503027887,0.00269576927479571,0.000538894145526456,8.92240838353414e-05,0.000141667143620268,0.00106073078269769,0.000508781082699351,0.00223855509240316,0.000468905009920636,4.72439576792255e-05,0.0011599441459276,1.41355200578991e-06,0.0215374360882173,0.000200439751221001,0.000478925621653987,2.14629120879123e-05,0.000154323003762542,0.00144874656593407,0.000120907738095238,0.0016323737026862,0.000438201121794872,0.000350560897435897,0.00206759386446886,0.000282211742870225,0.00189231341575092,0.000837351667429792,8.76402243589744e-05,0.00111786000457875,8.76402243589744e-05,8.76402243589744e-05,0.00111786000457875,0.00111786000457875,0.000558930002289377,0.00136021205357143,0.000558930002289377,0.000558930002289377,0.000558930002289377,0.000558930002289377,0.00136021205357143,0.00136021205357143
"P7",5.8214836860658e-07,0.0012611301010412,0.000601211939102564,NA,0.000485198687446536,0.0048359104982719,0.000139466002747254,0.0433976657484802,0.000139189570783133,0.0378781436011905,1.60845588235296e-05,0.00241457760989011,0.00261828576177811,0.0088358874198718,0.0185941087372449,0.0115258994222689,0.00688008532546083,0.00140792410714286,0.00622935267857143,0.00218943166208791,0.001640625,0.0122283215256211,1.00446428571428e-05,0.0066171875,0.0064750744047619,0.00207645089285714,0.00322544642857143,1.11607142857143e-05,5.75972576530612e-05,0.000452008928571429,0.00130626860119048,0.00013671875,0.00174386160714286,0.00174386160714286,0.00174386160714286,0.00174386160714286,0.00174386160714286,0.00212193080357143,0.00212193080357143,0.000871930803571429,0.000871930803571429,0.000871930803571429,0.00212193080357143,0.000871930803571429,0.00212193080357143
"P2",6.08695714438477e-05,0.00190994781132787,0.153904935878586,0.000485198687446536,NA,0.000688301728812782,0.000278706654097615,0.00055806745375402,0.000675653946862542,0.00291502812296326,0.0038962885865424,4.37061267966422e-05,0.000294390551222242,0.000363162784762108,0.000716800216531224,0.000493595407848768,0.00115396874279338,0.0133656833335879,0.00463136625346246,0.00427433710630153,0.00232642177379934,8.56773275487623e-05,0.00180502356256874,8.88131262984232e-05,0.00116321088689967,0.000969342405749725,0.00077547392459978,0.00294078615727728,0.000317654311911891,0.00340848118813394,0.00155167383663795,0.000193868481149945,0.00166414221938776,0.00166414221938776,0.00166414221938776,0.000193868481149945,0.00166414221938776,0.000832071109693878,0.00235580934750397,0.000832071109693878,0.000832071109693878,0.000832071109693878,0.000832071109693878,0.000832071109693878,0.000832071109693878
"P21",0.000131875186043652,0.000889460967149907,0.000153292503027887,0.0048359104982719,0.000688301728812782,NA,0.000453321430153946,0.00137608822162187,0.0366581537380182,7.74156688885225e-05,0.0325656346207838,9.89074289765773e-09,0.00936812304011773,0.00697485380822614,0.00311280421947005,0.00198778478125121,1.56877551684045e-05,8.28095855277596e-05,8.28095855277596e-05,0.00396136616479718,0.0106814550416941,0.000257216617143,0.015445631377551,0.00537074658492429,0.000386810470155805,0.000136410158821593,0.00252041844963792,0.00252041844963792,0.00186334425403226,0.000237743787030941,0.00231684470663265,0.0015445631377551,0.000306083875082291,0.0015445631377551,0.0015445631377551,0.0015445631377551,0.0015445631377551,0.000772281568877551,0.000772281568877551,0.000772281568877551,0.000772281568877551,0.000772281568877551,0.00275960875781764,0.000772281568877551,0.00275960875781764
"P13",4.14726298282839e-05,0.106852200005198,0.00269576927479571,0.000139466002747254,0.000278706654097615,0.000453321430153946,NA,0.00940976469863723,7.76229673403184e-05,0.000513067847331239,0.000181839562748176,0.000122692383166284,0.00311352158242593,0.00432560621326933,0.000293827266483516,0.00103023781628036,0.0121743225632374,0.00042976926347462,0.000745703329408687,0.00587284238769472,0.000343815410779696,0.00451473688869361,1.48400706436419e-05,0.00185549941130298,0.000171907705389848,0.00647720025510204,9.93426216640504e-05,0.000442749215070643,1.07314560439562e-06,0.00259088010204082,0.00327099890436944,0.00129544005102041,0.00067730818288854,0.00129544005102041,0.00775148400706436,0.00067730818288854,0.00067730818288854,0.000647720025510204,0.000647720025510204,0.000647720025510204,0.000647720025510204,0.000647720025510204,0.00387574200353218,0.00387574200353218,0.000647720025510204
"P28",0.00129532435634813,3.79648098109045e-05,0.000538894145526456,0.0433976657484802,0.00055806745375402,0.00137608822162187,0.00940976469863723,NA,4.38369781230873e-05,0.013447023922601,0.00709038602142985,0.00493353412355122,0.00103502127919411,0.00397414521506229,0.00573500427431611,0.00307306266921662,0.00215248502347919,0.00259537491858446,0.00186715809994211,0.000976236315925716,5.65385728759578e-07,0.00154203733846684,0.000761404960920539,0.0054346572405558,0.00204245594514402,1.02617509769866e-05,0.00232203918801563,0.000612312744246635,0.00973742638677811,6.869436604429e-05,0.000486867785678101,0.000936702806122449,0.000936702806122449,0.000936702806122449,0.000936702806122449,0.00179156602800695,0.000936702806122449,0.000468351403061224,0.000468351403061224,0.000468351403061224,0.000468351403061224,0.000468351403061224,0.000468351403061224,0.000468351403061224,0.000468351403061224
"P24",2.77898785713529e-05,0.000906659561102028,8.92240838353414e-05,0.000139189570783133,0.000675653946862542,0.0366581537380182,7.76229673403184e-05,4.38369781230873e-05,NA,0.00270687421241087,0.0130987400607834,3.10491869361274e-05,0.00352376783172094,0.00321393409440352,0.00217844032379518,0.0115167184155289,0.00704215487175,0.00262793040785591,0.000835044578825506,0.0107521524234694,0.005962786093353,0.00158384602490485,0.00440901040386034,0.000299716083722646,0.00150226223772642,0.00413544323979592,0.000350092973936563,0.00330835459183673,0.00289481026785714,0.00165417729591837,0.00124063297193878,0.000827088647959184,0.00238689931921564,0.000827088647959184,0.000827088647959184,0.000827088647959184,0.000827088647959184,0.000413544323979592,0.000413544323979592,0.000413544323979592,0.00799745138077821,0.000413544323979592,0.00799745138077821,0.000413544323979592,0.00799745138077821
"P4",0.000106825455876794,1.48461740691578e-05,0.000141667143620268,0.0378781436011905,0.00291502812296326,7.74156688885225e-05,0.000513067847331239,0.013447023922601,0.00270687421241087,NA,7.44203931572633e-05,0.00278324911695447,0.000363329590479809,0.00425776650804553,0.0130789620535714,0.00863314857192877,0.00206233413224161,0.000464507157029478,0.00719069763321995,0.0110756904925432,1.77154195011334e-07,0.00267859742402396,0.00121178784013605,0.00367607355442177,0.00448421556122449,0.000141608205782313,0.000191857993197279,0.000727572278911565,5.62686011904762e-05,0.00589950042517007,0.00112105389030612,0.000747369260204081,0.000747369260204081,0.000747369260204081,0.00294975021258503,0.00294975021258503,0.000747369260204081,0.000373684630102041,0.00924273224914966,0.000373684630102041,0.000373684630102041,0.000373684630102041,0.00924273224914966,0.000373684630102041,0.000373684630102041
"P22",8.46432322929187e-05,0.0014355700646246,0.00106073078269769,1.60845588235296e-05,0.0038962885865424,0.0325656346207838,0.000181839562748176,0.00709038602142985,0.0130987400607834,7.44203931572633e-05,NA,0.000225450757225967,0.00307306266921662,0.00138952816703604,0.00303472951680672,0.000582723898382882,0.00651312692415676,0.00582248524409764,0.00102556647659064,0.00491031749238157,0.00813137755102041,0.00145579631309045,0.00677614795918367,0.000683710984393757,3.90781312525011e-05,0.00039437650060024,8.44087635054021e-05,0.00271045918367347,0.00237165178571429,0.000567414465786315,0.00101642219387755,0.000677614795918367,0.000677614795918367,0.000677614795918367,0.000677614795918367,0.00356627025810324,0.000677614795918367,0.000338807397959184,0.0105804040366146,0.000338807397959184,0.000338807397959184,0.000338807397959184,0.000338807397959184,0.000338807397959184,0.000338807397959184
"P16",0.0615689903543326,4.32526217624744e-08,0.000508781082699351,0.00241457760989011,4.37061267966422e-05,9.89074289765773e-09,0.000122692383166284,0.00493353412355122,3.10491869361274e-05,0.00278324911695447,0.000225450757225967,NA,0.0125789952591102,0.000110420000100632,0.000482915521978022,0.00491031749238157,0.00357852023408619,0.00793289671637886,0.000171907705389848,0.000713464934790484,0.000494669021454736,0.0014798077989557,0.000442749215070643,0.013011430533752,0.000247334510727368,0.00135461636577708,1.22645211930926e-05,0.00275951726844584,0.00181361607142857,0.00103635204081633,0.00272323472658294,0.000518176020408163,0.000518176020408163,0.000518176020408163,0.00566927492150706,0.000518176020408163,0.000518176020408163,0.000259088010204082,0.000259088010204082,0.000259088010204082,0.000259088010204082,0.000259088010204082,0.000259088010204082,0.000259088010204082,0.000259088010204082
"P25",1.37265708342045e-05,1.45160348851573e-05,0.00223855509240316,0.00261828576177811,0.000294390551222242,0.00936812304011773,0.00311352158242593,0.00103502127919411,0.00352376783172094,0.000363329590479809,0.00307306266921662,0.0125789952591102,NA,0.000649978850224624,6.54504654255319e-05,0.000201156759246252,0.000383772661754303,0.000515645919271964,0.0105270440955638,0.00608856823979592,0.00562021683673469,0.0119028245368163,0.00468351403061225,0.00384764776921407,0.00537469808402084,0.00234175701530612,0.0018734056122449,0.0018734056122449,0.00163922991071429,0.000936702806122449,0.000702527104591837,0.000468351403061224,0.000468351403061224,0.000468351403061224,0.000468351403061224,0.000468351403061224,0.000468351403061224,0.000234175701530612,0.000234175701530612,0.000234175701530612,0.000234175701530612,0.000234175701530612,0.000234175701530612,0.000234175701530612,0.000234175701530612
"P34",0.000476461822412965,4.24876911368612e-06,0.000468905009920636,0.0088358874198718,0.000363162784762108,0.00697485380822614,0.00432560621326933,0.00397414521506229,0.00321393409440352,0.00425776650804553,0.00138952816703604,0.000110420000100632,0.000649978850224624,NA,0.00306937528617216,1.21743408902024e-06,0.00438061415051442,0.00164755104766265,0.00164755104766265,0.00505221619897959,0.00466358418367347,0.0178173331545202,0.00388632015306122,0.00388632015306122,4.25851430315715e-06,4.29769263474621e-05,0.00155452806122449,0.00155452806122449,0.00136021205357143,0.000777264030612245,0.000582948022959184,0.000388632015306122,0.000388632015306122,0.000388632015306122,0.000388632015306122,0.00874485912153323,0.000388632015306122,0.000194316007653061,0.000194316007653061,0.000194316007653061,0.000194316007653061,0.000194316007653061,0.021371055934393,0.021371055934393,0.000194316007653061
"P5",2.89524085096999e-05,7.61176458240034e-05,4.72439576792255e-05,0.0185941087372449,0.000716800216531224,0.00311280421947005,0.000293827266483516,0.00573500427431611,0.00217844032379518,0.0130789620535714,0.00303472951680672,0.000482915521978022,6.54504654255319e-05,0.00306937528617216,NA,0.00592912946428571,0.00186334425403226,0.00671968005952381,0.00523158482142857,0.00103129292582417,0.00150669642857143,0.00179814877717391,0.00848772321428571,0.00348772321428571,0.00209263392857143,0.00424386160714286,0.000502232142857143,0.00139508928571429,0.001220703125,0.00337611607142857,0.000523158482142857,0.000348772321428571,0.000348772321428571,0.000348772321428571,0.000348772321428571,0.000348772321428571,0.000348772321428571,0.000174386160714286,0.000174386160714286,0.000174386160714286,0.0242815290178571,0.000174386160714286,0.000174386160714286,0.000174386160714286,0.000174386160714286
"P9",0.000115915868662281,0.000295476610510977,0.0011599441459276,0.0115258994222689,0.000493595407848768,0.00198778478125121,0.00103023781628036,0.00307306266921662,0.0115167184155289,0.00863314857192877,0.000582723898382882,0.00491031749238157,0.000201156759246252,1.21743408902024e-06,0.00592912946428571,NA,0.000118009653458158,0.00159821741196479,0.00508211096938775,8.1162272601349e-07,3.90781312525011e-05,0.000710771740761522,0.00039437650060024,0.00039437650060024,0.0020328443877551,0.00169403698979592,0.000567414465786315,0.000567414465786315,0.00118582589285714,0.000677614795918367,0.000508211096938775,0.000338807397959184,0.0502337653811525,0.000338807397959184,0.000338807397959184,0.000338807397959184,0.000338807397959184,0.000169403698979592,0.000169403698979592,0.000169403698979592,0.000169403698979592,0.0251168826905762,0.000169403698979592,0.000169403698979592,0.0251168826905762
"P29",8.3608922399605e-05,0.00167809804986498,1.41355200578991e-06,0.00688008532546083,0.00115396874279338,1.56877551684045e-05,0.0121743225632374,0.00215248502347919,0.00704215487175,0.00206233413224161,0.00651312692415676,0.00357852023408619,0.000383772661754303,0.00438061415051442,0.00186334425403226,0.000118009653458158,NA,0.00398084763139126,0.00124467251618389,0.00600983792633058,0.000154724188062322,0.000234021964983398,0.000237743787030942,0.000237743787030942,0.00185347576530612,0.00551921751563529,0.0478946366853193,0.000803622860434496,0.00108119419642857,0.000617825255102041,0.000463368941326531,0.00030891262755102,0.00030891262755102,0.0119736591713298,0.0119736591713298,0.00030891262755102,0.00030891262755102,0.00015445631377551,0.00015445631377551,0.00015445631377551,0.00015445631377551,0.00015445631377551,0.0279482351156188,0.0279482351156188,0.00015445631377551
"P3",0.00037009643749475,0.000193727691899643,0.0215374360882173,0.00140792410714286,0.0133656833335879,8.28095855277596e-05,0.00042976926347462,0.00259537491858446,0.00262793040785591,0.000464507157029478,0.00582248524409764,0.00793289671637886,0.000515645919271964,0.00164755104766265,0.00671968005952381,0.00159821741196479,0.00398084763139126,NA,0.00109135841836735,8.5953852694924e-05,0.00358737244897959,0.000306428617642709,0.00298947704081633,0.000191857993197279,0.000107178287981859,0.00149473852040816,0.000898171768707483,0.000898171768707483,0.00104631696428571,0.00446694302721089,0.000448421556122449,0.000298947704081633,0.000298947704081633,0.0125013286564626,0.0125013286564626,0.0125013286564626,0.000298947704081633,0.000149473852040816,0.000149473852040816,0.000149473852040816,0.000149473852040816,0.000149473852040816,0.000149473852040816,0.000149473852040816,0.000149473852040816
"P8",0.000290731358129673,0.00224813879803489,0.000200439751221001,0.00622935267857143,0.00463136625346246,8.28095855277596e-05,0.000745703329408687,0.00186715809994211,0.000835044578825506,0.00719069763321995,0.00102556647659064,0.000171907705389848,0.0105270440955638,0.00164755104766265,0.00523158482142857,0.00508211096938775,0.00124467251618389,0.00109135841836735,NA,0.000704085720826792,0.000511975623582766,0.000306428617642709,0.000191857993197279,0.000191857993197279,0.0017936862244898,0.00149473852040816,0.00119579081632653,0.00119579081632653,0.00104631696428571,0.00446694302721089,0.000448421556122449,0.000298947704081633,0.000298947704081633,0.000298947704081633,0.000298947704081633,0.000298947704081633,0.0580370429421769,0.000149473852040816,0.000149473852040816,0.0290185214710884,0.000149473852040816,0.000149473852040816,0.000149473852040816,0.000149473852040816,0.000149473852040816
"P23",0.000214948982620114,0.0024560785004712,0.000478925621653987,0.00218943166208791,0.00427433710630153,0.00396136616479718,0.00587284238769472,0.000976236315925716,0.0107521524234694,0.0110756904925432,0.00491031749238157,0.000713464934790484,0.00608856823979592,0.00505221619897959,0.00103129292582417,8.1162272601349e-07,0.00600983792633058,8.5953852694924e-05,0.000704085720826792,NA,0.000590741104133961,0.00463682219857006,0.00259088010204082,4.96713108320252e-05,0.00155452806122449,0.00129544005102041,0.00103635204081633,0.00103635204081633,0.000906808035714286,0.000518176020408163,0.000388632015306122,0.000259088010204082,0.000259088010204082,0.000259088010204082,0.000259088010204082,0.000259088010204082,0.000259088010204082,0.000129544005102041,0.000129544005102041,0.000129544005102041,0.000129544005102041,0.000129544005102041,0.000129544005102041,0.000129544005102041,0.000129544005102041
"P10",9.48103006634768e-06,0.00110661672584395,2.14629120879123e-05,0.001640625,0.00232642177379934,0.0106814550416941,0.000343815410779696,5.65385728759578e-07,0.005962786093353,1.77154195011334e-07,0.00813137755102041,0.000494669021454736,0.00562021683673469,0.00466358418367347,0.00150669642857143,3.90781312525011e-05,0.000154724188062322,0.00358737244897959,0.000511975623582766,0.000590741104133961,NA,0.00275031887755102,0.00239158163265306,0.00239158163265306,0.000442885487528345,0.00119579081632653,0.000956632653061224,0.000956632653061224,0.000837053571428571,0.000478316326530612,0.000358737244897959,0.000239158163265306,0.000239158163265306,0.000239158163265306,0.000239158163265306,0.000239158163265306,0.000239158163265306,0.000119579081632653,0.000119579081632653,0.000119579081632653,0.000119579081632653,0.000119579081632653,0.000119579081632653,0.000119579081632653,0.000119579081632653
"P14",0.000156550926781744,0.0146772450520304,0.000154323003762542,0.0122283215256211,8.56773275487623e-05,0.000257216617143,0.00451473688869361,0.00154203733846684,0.00158384602490485,0.00267859742402396,0.00145579631309045,0.0014798077989557,0.0119028245368163,0.0178173331545202,0.00179814877717391,0.000710771740761522,0.000234021964983398,0.000306428617642709,0.000306428617642709,0.00463682219857006,0.00275031887755102,NA,0.00229193239795918,0.00229193239795918,0.00137515943877551,0.00114596619897959,0.00188726985359361,0.000916772959183673,0.000802176339285714,0.00686366598269743,0.000343789859693877,0.000229193239795918,0.000229193239795918,0.000229193239795918,0.000229193239795918,0.000229193239795918,0.000229193239795918,0.000114596619897959,0.0391285717751775,0.000114596619897959,0.000114596619897959,0.000114596619897959,0.000114596619897959,0.000114596619897959,0.000114596619897959
"P18",0.000144095253842278,0.000241419794798798,0.00144874656593407,1.00446428571428e-05,0.00180502356256874,0.015445631377551,1.48400706436419e-05,0.000761404960920539,0.00440901040386034,0.00121178784013605,0.00677614795918367,0.000442749215070643,0.00468351403061225,0.00388632015306122,0.00848772321428571,0.00039437650060024,0.000237743787030942,0.00298947704081633,0.000191857993197279,0.00259088010204082,0.00239158163265306,0.00229193239795918,NA,2.86989795918367e-05,0.00119579081632653,0.0120679209183673,0.00079719387755102,0.00079719387755102,0.000697544642857143,0.00039859693877551,0.000298947704081633,0.000199298469387755,0.000199298469387755,0.000199298469387755,0.000199298469387755,0.000199298469387755,0.000199298469387755,9.96492346938776e-05,9.96492346938776e-05,9.96492346938776e-05,9.96492346938776e-05,9.96492346938776e-05,9.96492346938776e-05,9.96492346938776e-05,9.96492346938776e-05
"P27",0.000534306894053918,9.10900214317711e-06,0.000120907738095238,0.0066171875,8.88131262984232e-05,0.00537074658492429,0.00185549941130298,0.0054346572405558,0.000299716083722646,0.00367607355442177,0.000683710984393757,0.013011430533752,0.00384764776921407,0.00388632015306122,0.00348772321428571,0.00039437650060024,0.000237743787030942,0.000191857993197279,0.000191857993197279,4.96713108320252e-05,0.00239158163265306,0.00229193239795918,2.86989795918367e-05,NA,0.00119579081632653,0.00153220663265306,0.00079719387755102,0.00258290816326531,0.000697544642857143,0.00039859693877551,0.000298947704081633,0.000199298469387755,0.000199298469387755,0.020735012755102,0.000199298469387755,0.000199298469387755,0.000199298469387755,9.96492346938776e-05,9.96492346938776e-05,9.96492346938776e-05,9.96492346938776e-05,9.96492346938776e-05,9.96492346938776e-05,9.96492346938776e-05,9.96492346938776e-05
"P6",0.000272965088813304,5.41666999872054e-05,0.0016323737026862,0.0064750744047619,0.00116321088689967,0.000386810470155805,0.000171907705389848,0.00204245594514402,0.00150226223772642,0.00448421556122449,3.90781312525011e-05,0.000247334510727368,0.00537469808402084,4.25851430315715e-06,0.00209263392857143,0.0020328443877551,0.00185347576530612,0.000107178287981859,0.0017936862244898,0.00155452806122449,0.000442885487528345,0.00137515943877551,0.00119579081632653,0.00119579081632653,NA,0.000597895408163265,0.000478316326530612,0.000478316326530612,0.000418526785714286,0.000239158163265306,0.00017936862244898,0.0373219600340136,0.000119579081632653,0.000119579081632653,0.000119579081632653,0.000119579081632653,0.000119579081632653,5.97895408163265e-05,5.97895408163265e-05,5.97895408163265e-05,5.97895408163265e-05,5.97895408163265e-05,5.97895408163265e-05,5.97895408163265e-05,5.97895408163265e-05
"",0.000267153447026959,0.0117432468432122,0.000438201121794872,0.00207645089285714,0.000969342405749725,0.000136410158821593,0.00647720025510204,1.02617509769866e-05,0.00413544323979592,0.000141608205782313,0.00039437650060024,0.00135461636577708,0.00234175701530612,4.29769263474621e-05,0.00424386160714286,0.00169403698979592,0.00551921751563529,0.00149473852040816,0.00149473852040816,0.00129544005102041,0.00119579081632653,0.00114596619897959,0.0120679209183673,0.00153220663265306,0.000597895408163265,NA,0.00843431122448979,0.00039859693877551,0.0101702008928571,0.000199298469387755,0.0290185214710884,9.96492346938776e-05,9.96492346938776e-05,9.96492346938776e-05,9.96492346938776e-05,9.96492346938776e-05,9.96492346938776e-05,4.98246173469388e-05,4.98246173469388e-05,4.98246173469388e-05,4.98246173469388e-05,4.98246173469388e-05,4.98246173469388e-05,4.98246173469388e-05,4.98246173469388e-05
"P30",1.66328105316198e-05,0.00019005202002431,0.000350560897435897,0.00322544642857143,0.00077547392459978,0.00252041844963792,9.93426216640504e-05,0.00232203918801563,0.000350092973936563,0.000191857993197279,8.44087635054021e-05,1.22645211930926e-05,0.0018734056122449,0.00155452806122449,0.000502232142857143,0.000567414465786315,0.0478946366853193,0.000898171768707483,0.00119579081632653,0.00103635204081633,0.000956632653061224,0.00188726985359361,0.00079719387755102,0.00079719387755102,0.000478316326530612,0.00843431122448979,NA,0.000318877551020408,0.000279017857142857,0.000159438775510204,0.000119579081632653,7.9719387755102e-05,7.9719387755102e-05,7.9719387755102e-05,7.9719387755102e-05,7.9719387755102e-05,7.9719387755102e-05,3.9859693877551e-05,3.9859693877551e-05,3.9859693877551e-05,3.9859693877551e-05,3.9859693877551e-05,3.9859693877551e-05,3.9859693877551e-05,3.9859693877551e-05
"P33",0.000468572845804988,3.61111333248033e-05,0.00206759386446886,1.11607142857143e-05,0.00294078615727728,0.00252041844963792,0.000442749215070643,0.000612312744246635,0.00330835459183673,0.000727572278911565,0.00271045918367347,0.00275951726844584,0.0018734056122449,0.00155452806122449,0.00139508928571429,0.000567414465786315,0.000803622860434496,0.000898171768707483,0.00119579081632653,0.00103635204081633,0.000956632653061224,0.000916772959183673,0.00079719387755102,0.00258290816326531,0.000478316326530612,0.00039859693877551,0.000318877551020408,NA,0.000279017857142857,0.000159438775510204,0.000119579081632653,7.9719387755102e-05,7.9719387755102e-05,7.9719387755102e-05,7.9719387755102e-05,7.9719387755102e-05,7.9719387755102e-05,3.9859693877551e-05,3.9859693877551e-05,3.9859693877551e-05,3.9859693877551e-05,3.9859693877551e-05,3.9859693877551e-05,3.9859693877551e-05,3.9859693877551e-05
"P26",0.000159229635141094,0.000433942740987461,0.000282211742870225,5.75972576530612e-05,0.000317654311911891,0.00186334425403226,1.07314560439562e-06,0.00973742638677811,0.00289481026785714,5.62686011904762e-05,0.00237165178571429,0.00181361607142857,0.00163922991071429,0.00136021205357143,0.001220703125,0.00118582589285714,0.00108119419642857,0.00104631696428571,0.00104631696428571,0.000906808035714286,0.000837053571428571,0.000802176339285714,0.000697544642857143,0.000697544642857143,0.000418526785714286,0.0101702008928571,0.000279017857142857,0.000279017857142857,NA,0.000139508928571429,0.000104631696428571,6.97544642857143e-05,6.97544642857143e-05,6.97544642857143e-05,6.97544642857143e-05,6.97544642857143e-05,6.97544642857143e-05,3.48772321428571e-05,3.48772321428571e-05,3.48772321428571e-05,3.48772321428571e-05,3.48772321428571e-05,3.48772321428571e-05,3.48772321428571e-05,3.48772321428571e-05
"P19",9.0988362937768e-05,0.00103966326930459,0.00189231341575092,0.000452008928571429,0.00340848118813394,0.000237743787030941,0.00259088010204082,6.869436604429e-05,0.00165417729591837,0.00589950042517007,0.000567414465786315,0.00103635204081633,0.000936702806122449,0.000777264030612245,0.00337611607142857,0.000677614795918367,0.000617825255102041,0.00446694302721089,0.00446694302721089,0.000518176020408163,0.000478316326530612,0.00686366598269743,0.00039859693877551,0.00039859693877551,0.000239158163265306,0.000199298469387755,0.000159438775510204,0.000159438775510204,0.000139508928571429,NA,5.97895408163265e-05,3.9859693877551e-05,3.9859693877551e-05,3.9859693877551e-05,3.9859693877551e-05,3.9859693877551e-05,3.9859693877551e-05,1.99298469387755e-05,0.245555644132653,1.99298469387755e-05,1.99298469387755e-05,1.99298469387755e-05,1.99298469387755e-05,1.99298469387755e-05,1.99298469387755e-05
"P35",0.00041730064904048,0.00476821588010204,0.000837351667429792,0.00130626860119048,0.00155167383663795,0.00231684470663265,0.00327099890436944,0.000486867785678101,0.00124063297193878,0.00112105389030612,0.00101642219387755,0.00272323472658294,0.000702527104591837,0.000582948022959184,0.000523158482142857,0.000508211096938775,0.000463368941326531,0.000448421556122449,0.000448421556122449,0.000388632015306122,0.000358737244897959,0.000343789859693877,0.000298947704081633,0.000298947704081633,0.00017936862244898,0.0290185214710884,0.000119579081632653,0.000119579081632653,0.000104631696428571,5.97895408163265e-05,NA,2.98947704081633e-05,2.98947704081633e-05,2.98947704081633e-05,2.98947704081633e-05,2.98947704081633e-05,2.98947704081633e-05,1.49473852040816e-05,1.49473852040816e-05,1.49473852040816e-05,1.49473852040816e-05,1.49473852040816e-05,1.49473852040816e-05,1.49473852040816e-05,1.49473852040816e-05
"P11",4.5494181468884e-05,0.000519831634652294,8.76402243589744e-05,0.00013671875,0.000193868481149945,0.0015445631377551,0.00129544005102041,0.000936702806122449,0.000827088647959184,0.000747369260204081,0.000677614795918367,0.000518176020408163,0.000468351403061224,0.000388632015306122,0.000348772321428571,0.000338807397959184,0.00030891262755102,0.000298947704081633,0.000298947704081633,0.000259088010204082,0.000239158163265306,0.000229193239795918,0.000199298469387755,0.000199298469387755,0.0373219600340136,9.96492346938776e-05,7.9719387755102e-05,7.9719387755102e-05,6.97544642857143e-05,3.9859693877551e-05,2.98947704081633e-05,NA,1.99298469387755e-05,1.99298469387755e-05,1.99298469387755e-05,1.99298469387755e-05,1.99298469387755e-05,9.96492346938775e-06,9.96492346938775e-06,9.96492346938775e-06,9.96492346938775e-06,9.96492346938775e-06,9.96492346938775e-06,9.96492346938775e-06,9.96492346938775e-06
"P17",0.00403579400510204,0.000281922991571237,0.00111786000457875,0.00174386160714286,0.00166414221938776,0.000306083875082291,0.00067730818288854,0.000936702806122449,0.00238689931921564,0.000747369260204081,0.000677614795918367,0.000518176020408163,0.000468351403061224,0.000388632015306122,0.000348772321428571,0.0502337653811525,0.00030891262755102,0.000298947704081633,0.000298947704081633,0.000259088010204082,0.000239158163265306,0.000229193239795918,0.000199298469387755,0.000199298469387755,0.000119579081632653,9.96492346938776e-05,7.9719387755102e-05,7.9719387755102e-05,6.97544642857143e-05,3.9859693877551e-05,2.98947704081633e-05,1.99298469387755e-05,NA,1.99298469387755e-05,1.99298469387755e-05,1.99298469387755e-05,1.99298469387755e-05,9.96492346938775e-06,9.96492346938775e-06,9.96492346938775e-06,9.96492346938775e-06,9.96492346938775e-06,9.96492346938775e-06,9.96492346938775e-06,9.96492346938775e-06
"P20",4.5494181468884e-05,0.000519831634652294,8.76402243589744e-05,0.00174386160714286,0.00166414221938776,0.0015445631377551,0.00129544005102041,0.000936702806122449,0.000827088647959184,0.000747369260204081,0.000677614795918367,0.000518176020408163,0.000468351403061224,0.000388632015306122,0.000348772321428571,0.000338807397959184,0.0119736591713298,0.0125013286564626,0.000298947704081633,0.000259088010204082,0.000239158163265306,0.000229193239795918,0.000199298469387755,0.020735012755102,0.000119579081632653,9.96492346938776e-05,7.9719387755102e-05,7.9719387755102e-05,6.97544642857143e-05,3.9859693877551e-05,2.98947704081633e-05,1.99298469387755e-05,1.99298469387755e-05,NA,1.99298469387755e-05,1.99298469387755e-05,1.99298469387755e-05,9.96492346938775e-06,9.96492346938775e-06,9.96492346938775e-06,9.96492346938775e-06,9.96492346938775e-06,9.96492346938775e-06,9.96492346938775e-06,9.96492346938775e-06
"P39",0.000806076192050894,0.00317881058673469,8.76402243589744e-05,0.00174386160714286,0.00166414221938776,0.0015445631377551,0.00775148400706436,0.000936702806122449,0.000827088647959184,0.00294975021258503,0.000677614795918367,0.00566927492150706,0.000468351403061224,0.000388632015306122,0.000348772321428571,0.000338807397959184,0.0119736591713298,0.0125013286564626,0.000298947704081633,0.000259088010204082,0.000239158163265306,0.000229193239795918,0.000199298469387755,0.000199298469387755,0.000119579081632653,9.96492346938776e-05,7.9719387755102e-05,7.9719387755102e-05,6.97544642857143e-05,3.9859693877551e-05,2.98947704081633e-05,1.99298469387755e-05,1.99298469387755e-05,1.99298469387755e-05,NA,1.99298469387755e-05,1.99298469387755e-05,9.96492346938775e-06,9.96492346938775e-06,9.96492346938775e-06,9.96492346938775e-06,9.96492346938775e-06,9.96492346938775e-06,9.96492346938775e-06,9.96492346938775e-06
"P40",4.5494181468884e-05,0.000519831634652294,0.00111786000457875,0.00174386160714286,0.000193868481149945,0.0015445631377551,0.00067730818288854,0.00179156602800695,0.000827088647959184,0.00294975021258503,0.00356627025810324,0.000518176020408163,0.000468351403061224,0.00874485912153323,0.000348772321428571,0.000338807397959184,0.00030891262755102,0.0125013286564626,0.000298947704081633,0.000259088010204082,0.000239158163265306,0.000229193239795918,0.000199298469387755,0.000199298469387755,0.000119579081632653,9.96492346938776e-05,7.9719387755102e-05,7.9719387755102e-05,6.97544642857143e-05,3.9859693877551e-05,2.98947704081633e-05,1.99298469387755e-05,1.99298469387755e-05,1.99298469387755e-05,1.99298469387755e-05,NA,1.99298469387755e-05,9.96492346938775e-06,9.96492346938775e-06,9.96492346938775e-06,9.96492346938775e-06,9.96492346938775e-06,9.96492346938775e-06,9.96492346938775e-06,9.96492346938775e-06
"P41",4.5494181468884e-05,0.000281922991571237,0.00111786000457875,0.00174386160714286,0.00166414221938776,0.0015445631377551,0.00067730818288854,0.000936702806122449,0.000827088647959184,0.000747369260204081,0.000677614795918367,0.000518176020408163,0.000468351403061224,0.000388632015306122,0.000348772321428571,0.000338807397959184,0.00030891262755102,0.000298947704081633,0.0580370429421769,0.000259088010204082,0.000239158163265306,0.000229193239795918,0.000199298469387755,0.000199298469387755,0.000119579081632653,9.96492346938776e-05,7.9719387755102e-05,7.9719387755102e-05,6.97544642857143e-05,3.9859693877551e-05,2.98947704081633e-05,1.99298469387755e-05,1.99298469387755e-05,1.99298469387755e-05,1.99298469387755e-05,1.99298469387755e-05,NA,9.96492346938775e-06,9.96492346938775e-06,9.96492346938775e-06,9.96492346938775e-06,9.96492346938775e-06,9.96492346938775e-06,9.96492346938775e-06,9.96492346938775e-06
"P31",2.2747090734442e-05,0.000259915817326147,0.000558930002289377,0.00212193080357143,0.000832071109693878,0.000772281568877551,0.000647720025510204,0.000468351403061224,0.000413544323979592,0.000373684630102041,0.000338807397959184,0.000259088010204082,0.000234175701530612,0.000194316007653061,0.000174386160714286,0.000169403698979592,0.00015445631377551,0.000149473852040816,0.000149473852040816,0.000129544005102041,0.000119579081632653,0.000114596619897959,9.96492346938776e-05,9.96492346938776e-05,5.97895408163265e-05,4.98246173469388e-05,3.9859693877551e-05,3.9859693877551e-05,3.48772321428571e-05,1.99298469387755e-05,1.49473852040816e-05,9.96492346938775e-06,9.96492346938775e-06,9.96492346938775e-06,9.96492346938775e-06,9.96492346938775e-06,9.96492346938775e-06,NA,4.98246173469388e-06,4.98246173469388e-06,4.98246173469388e-06,4.98246173469388e-06,4.98246173469388e-06,4.98246173469388e-06,4.98246173469388e-06
"P32",2.2747090734442e-05,0.000259915817326147,0.00136021205357143,0.00212193080357143,0.00235580934750397,0.000772281568877551,0.000647720025510204,0.000468351403061224,0.000413544323979592,0.00924273224914966,0.0105804040366146,0.000259088010204082,0.000234175701530612,0.000194316007653061,0.000174386160714286,0.000169403698979592,0.00015445631377551,0.000149473852040816,0.000149473852040816,0.000129544005102041,0.000119579081632653,0.0391285717751775,9.96492346938776e-05,9.96492346938776e-05,5.97895408163265e-05,4.98246173469388e-05,3.9859693877551e-05,3.9859693877551e-05,3.48772321428571e-05,0.245555644132653,1.49473852040816e-05,9.96492346938775e-06,9.96492346938775e-06,9.96492346938775e-06,9.96492346938775e-06,9.96492346938775e-06,9.96492346938775e-06,4.98246173469388e-06,NA,4.98246173469388e-06,4.98246173469388e-06,4.98246173469388e-06,4.98246173469388e-06,4.98246173469388e-06,4.98246173469388e-06
"P36",2.2747090734442e-05,0.000259915817326147,0.000558930002289377,0.000871930803571429,0.000832071109693878,0.000772281568877551,0.000647720025510204,0.000468351403061224,0.000413544323979592,0.000373684630102041,0.000338807397959184,0.000259088010204082,0.000234175701530612,0.000194316007653061,0.000174386160714286,0.000169403698979592,0.00015445631377551,0.000149473852040816,0.0290185214710884,0.000129544005102041,0.000119579081632653,0.000114596619897959,9.96492346938776e-05,9.96492346938776e-05,5.97895408163265e-05,4.98246173469388e-05,3.9859693877551e-05,3.9859693877551e-05,3.48772321428571e-05,1.99298469387755e-05,1.49473852040816e-05,9.96492346938775e-06,9.96492346938775e-06,9.96492346938775e-06,9.96492346938775e-06,9.96492346938775e-06,9.96492346938775e-06,4.98246173469388e-06,4.98246173469388e-06,NA,4.98246173469388e-06,4.98246173469388e-06,4.98246173469388e-06,4.98246173469388e-06,4.98246173469388e-06
"P37",2.2747090734442e-05,0.00158940529336735,0.000558930002289377,0.000871930803571429,0.000832071109693878,0.000772281568877551,0.000647720025510204,0.000468351403061224,0.00799745138077821,0.000373684630102041,0.000338807397959184,0.000259088010204082,0.000234175701530612,0.000194316007653061,0.0242815290178571,0.000169403698979592,0.00015445631377551,0.000149473852040816,0.000149473852040816,0.000129544005102041,0.000119579081632653,0.000114596619897959,9.96492346938776e-05,9.96492346938776e-05,5.97895408163265e-05,4.98246173469388e-05,3.9859693877551e-05,3.9859693877551e-05,3.48772321428571e-05,1.99298469387755e-05,1.49473852040816e-05,9.96492346938775e-06,9.96492346938775e-06,9.96492346938775e-06,9.96492346938775e-06,9.96492346938775e-06,9.96492346938775e-06,4.98246173469388e-06,4.98246173469388e-06,4.98246173469388e-06,NA,4.98246173469388e-06,4.98246173469388e-06,4.98246173469388e-06,4.98246173469388e-06
"P38",2.2747090734442e-05,0.000259915817326147,0.000558930002289377,0.000871930803571429,0.000832071109693878,0.000772281568877551,0.000647720025510204,0.000468351403061224,0.000413544323979592,0.000373684630102041,0.000338807397959184,0.000259088010204082,0.000234175701530612,0.000194316007653061,0.000174386160714286,0.0251168826905762,0.00015445631377551,0.000149473852040816,0.000149473852040816,0.000129544005102041,0.000119579081632653,0.000114596619897959,9.96492346938776e-05,9.96492346938776e-05,5.97895408163265e-05,4.98246173469388e-05,3.9859693877551e-05,3.9859693877551e-05,3.48772321428571e-05,1.99298469387755e-05,1.49473852040816e-05,9.96492346938775e-06,9.96492346938775e-06,9.96492346938775e-06,9.96492346938775e-06,9.96492346938775e-06,9.96492346938775e-06,4.98246173469388e-06,4.98246173469388e-06,4.98246173469388e-06,4.98246173469388e-06,NA,4.98246173469388e-06,4.98246173469388e-06,4.98246173469388e-06
"P42",2.2747090734442e-05,0.000259915817326147,0.000558930002289377,0.00212193080357143,0.000832071109693878,0.00275960875781764,0.00387574200353218,0.000468351403061224,0.00799745138077821,0.00924273224914966,0.000338807397959184,0.000259088010204082,0.000234175701530612,0.021371055934393,0.000174386160714286,0.000169403698979592,0.0279482351156188,0.000149473852040816,0.000149473852040816,0.000129544005102041,0.000119579081632653,0.000114596619897959,9.96492346938776e-05,9.96492346938776e-05,5.97895408163265e-05,4.98246173469388e-05,3.9859693877551e-05,3.9859693877551e-05,3.48772321428571e-05,1.99298469387755e-05,1.49473852040816e-05,9.96492346938775e-06,9.96492346938775e-06,9.96492346938775e-06,9.96492346938775e-06,9.96492346938775e-06,9.96492346938775e-06,4.98246173469388e-06,4.98246173469388e-06,4.98246173469388e-06,4.98246173469388e-06,4.98246173469388e-06,NA,4.98246173469388e-06,4.98246173469388e-06
"P43",2.2747090734442e-05,0.00158940529336735,0.00136021205357143,0.000871930803571429,0.000832071109693878,0.000772281568877551,0.00387574200353218,0.000468351403061224,0.000413544323979592,0.000373684630102041,0.000338807397959184,0.000259088010204082,0.000234175701530612,0.021371055934393,0.000174386160714286,0.000169403698979592,0.0279482351156188,0.000149473852040816,0.000149473852040816,0.000129544005102041,0.000119579081632653,0.000114596619897959,9.96492346938776e-05,9.96492346938776e-05,5.97895408163265e-05,4.98246173469388e-05,3.9859693877551e-05,3.9859693877551e-05,3.48772321428571e-05,1.99298469387755e-05,1.49473852040816e-05,9.96492346938775e-06,9.96492346938775e-06,9.96492346938775e-06,9.96492346938775e-06,9.96492346938775e-06,9.96492346938775e-06,4.98246173469388e-06,4.98246173469388e-06,4.98246173469388e-06,4.98246173469388e-06,4.98246173469388e-06,4.98246173469388e-06,NA,4.98246173469388e-06
"P44",2.2747090734442e-05,0.000259915817326147,0.00136021205357143,0.00212193080357143,0.000832071109693878,0.00275960875781764,0.000647720025510204,0.000468351403061224,0.00799745138077821,0.000373684630102041,0.000338807397959184,0.000259088010204082,0.000234175701530612,0.000194316007653061,0.000174386160714286,0.0251168826905762,0.00015445631377551,0.000149473852040816,0.000149473852040816,0.000129544005102041,0.000119579081632653,0.000114596619897959,9.96492346938776e-05,9.96492346938776e-05,5.97895408163265e-05,4.98246173469388e-05,3.9859693877551e-05,3.9859693877551e-05,3.48772321428571e-05,1.99298469387755e-05,1.49473852040816e-05,9.96492346938775e-06,9.96492346938775e-06,9.96492346938775e-06,9.96492346938775e-06,9.96492346938775e-06,9.96492346938775e-06,4.98246173469388e-06,4.98246173469388e-06,4.98246173469388e-06,4.98246173469388e-06,4.98246173469388e-06,4.98246173469388e-06,4.98246173469388e-06,NA
